NBHD_NAME,pct_nhb,pct_hh_poverty,pct_hl,pct_less_hs_edu,pct_hh_snap,pct_under5,pct_65plus,pct_unemployed,pct_nhw,pct_no_insurance,alc_to_food,can_to_food,grocery_store_access,street_temp_pctile,transport_noise,tree_equity_score,pct_pre1980_housing,pm25,o3,pm10,no2,so2,co,life_exp,DEPRESSION,STROKE,CHD,SLEEP,CANCER,MHLTH,COPD,CASTHMA,COREM,CHECKUP,DIABETES,CSMOKING,GHLTH,HIGHCHOL,DENTAL,OBESITY,LPA,CERVICAL,BPHIGH,COREW,COLON_SCREEN,KIDNEY,ast_hosp,lbw_pct
Athmar Park,0.903750564844103,14.281427925892453,62.73696339810212,24.111432444645278,10.153479439674651,4.387053773158608,10.05759150474469,7.344464527790329,31.761161319475825,19.411613194758246,1.8,1,9.26430518,0.5234289693593315,49.951233398806295,77.57326896057296,92.27241301400814,8.222228600730116,32.639318,29.76452619690501,21.361879058623416,0.6447909536199385,0.4286341641444236,79.44955537590945,21.91258457374831,2.7688768606224627,4.725169147496618,29.650338294993237,4.5,17.69404600811908,5.59404600811908,10.068876860622463,38.75423728813559,60.54370771312584,9.475507442489851,17.56955345060893,22.90135317997294,30.56292286874154,51.36684709066305,25.88146143437077,26.64506089309878,78.99519436792164,24.08809201623816,34.16101694915254,NA,2.9125845737483083,61.670340811747906,7.1229579831932766
Auraria,8.9,0,19.2,0,0,0,0.7,0,67.1,5.2,0,0,46.66666667,0.5442472527472527,55.63928630242772,79.27306554754973,83.3,8.167203984396163,30.368581,28.946975816083356,20.550046881023658,0.6378211291146663,0.4095850446221971,NA,27.3,0.5,0.8,24.4,1.3,22,1.6,10.6,53.1,54.7,1.2,6.9,6.2,12.7,73.3,12.7,9.5,71.6,6.9,53.5,NA,0.7,0,NA
Baker,4.323299161230195,8.917334575955264,17.987604846225537,6.117148182665424,8.323019571295433,2.6529356943150044,8.282385834109972,1.7763280521901212,68.66570363466916,5.847250698974837,2.33333333333,3.33333333333,64.03762663,0.6806626506024096,56.77133107274326,87.37963552288495,63.386300093196645,8.226329128680407,31.55104500932459,29.671818125920677,21.30154543759132,0.6430021215488269,0.428664351,80.9,22.1,1.6,2.9,26.1,4.3,14.7,3.3,9.3,47.5,60.7,5.5,11.3,11.1,26.4,68.7,20.9,13.7,85.5,18.8,45.1,NA,2,56.474661319073086,8.56948275862069
Barnum,0.2,23.699999999999996,72.8,30.1,6.4,8,8.8,5.700000000000001,21.7,23.9,1,1,0,0.4871806167400881,54.163506174295144,87.20567919942351,91.70000000000002,8.312723972518478,32.451347999999996,29.361274833930477,21.945893130666576,0.6419561751347652,0.44667151323957394,77.5,23.5,2.7,4.7,30.8,4,19.6,6,10.7,36,59.9,10.3,20,25.9,30.2,46.8,28.6,29.2,78.5,24.4,32.7,NA,3,113.269,10
Barnum West,0.5,5.5,72.2,29.7,14.6,2.2,9,4,24.2,15.8,0,1,0,0.465402489626556,57.14557484218052,87.2062542560133,94.9,8.261181785921991,33.13640866110239,29.38298851777586,21.50679917665613,0.6426977063197014,0.43161546618849667,79.5,21.9,3,5.4,29.1,5,17.6,6.1,10.1,38.7,62.1,10.6,17.2,23.9,32.2,51.5,26.4,27.5,78.5,26,35,NA,3.2,110.685,9.551
Bear Valley,5.481506849315068,5.779770058708415,30.461851761252444,7.449706457925636,6.673409980430529,5.977458414872798,21.89711350293542,2.186704990215264,57.06300146771037,4.695376712328767,3,0,36.13505747,0.2636201550387597,54.554994138267226,99.01467446918289,77.59016634050882,7.861145948887475,36.408207,30.332289996710145,20.424145862937596,0.6535402442364286,0.3964967671412412,80.21693705386112,21.441734461438337,2.5717214448421735,4.843442889684348,26.37069638789457,6.458265538561666,15.027253498210218,5.1717214448421744,9.528278555157826,49.62940074906367,64.65929059550928,7.5148226488773195,12.584835665473477,14.942759518385941,31.71653107712333,65.1020501138952,21.527936869508622,18.24275951838594,82.06291925465838,24.687910836316302,43.39812734082397,NA,2.7717214448421736,22.066344581927257,10.774839572192514
Belcaro,2.2,6.8999999999999995,7,0.6,1,3.6999999999999997,33.6,3,82.5,1.8,1,3,58.48477092,0.20341311475409837,52.58797656144968,100,59.4,8.100873902746903,32.39493828325855,30.388533042709863,20.197305325894376,0.6502709130935181,0.38538101115628887,83.3,19.5,2.5,5.1,22.5,9.3,10.8,4.3,8.7,57.3,70,6.5,7.6,9.3,35.2,78,18,11.4,88,27.2,50.3,NA,2.9,17.621,10.28
Berkeley,0.8208105147864184,9.968784227820372,20.59711938663746,3.208094194961665,4.969364731653888,7.089594742606791,13.212135815991237,4.326593647316538,74.67917853231106,4.069945235487404,1.25,0.75,89.21489276,0.2676794871794872,54.95934509765191,93.94861266394734,75.53699890470975,8.161314180097266,31.035161,26.760661739299415,19.86994320662332,0.6241891367283203,0.3420293649423517,79.3137902849136,21.42627222562845,1.989408338442673,3.5894083384426736,24.984319435928878,5.978816676885347,13.4,3.652544451256897,9.063136112814224,52.13401015228427,63.61568056407113,5.7,10.41568056407112,10.678816676885347,29.04195278969957,72,19.868638871857755,13.441952789699569,87.30054849255357,21.07881667688535,44.35482233502538,NA,2.3262722256284487,36.853785778693805,9.132870824053452
CBD,6.895681278341611,17.77315914489311,12.25270999784064,4.2580652126970415,1.3311811703735694,0,6.8967825523645,4.907514575685597,70.31399265817318,2.340855106888361,2,0.333333333333,100,0.5828012422360248,51.73338854264867,76.39549477043002,53.97205787087022,7.979583291561914,30.030465185539217,29.810056959487508,18.251889957037335,0.6410446526666741,0.361196261,76,25.6,1.5,2.7,26.5,3.3,19.1,3.5,10.5,47.8,59.10000000000001,4.6,11.599999999999998,10.900000000000002,23.1,65.3,19.3,13.400000000000002,78.3,16.8,42.89999999999999,NA,1.6999999999999997,20.721246636771298,NA
Capitol Hill,3.2154032258064515,8.172282878411911,13.410955334987593,3.5409057071960297,4.7860235732009935,0.5480583126550868,8.082760545905707,4.160241935483871,73.92604218362283,6.672822580645161,1.28571428571,0.857142857143,100,0.4979949494949495,51.43696187025199,98.27536755158526,83.37508064516129,8.075728131898595,30.42155027478739,29.711057232917156,19.47366000700094,0.6415721794158682,0.3812355459958822,73.19636330241528,23.40476078246523,1.306803362400817,2.3912876109670833,25.760153979102835,3.734048236310786,15.814447325005892,2.8747662817189097,9.364042737057114,52.467954545454546,58.80010212899678,3.9106921203550944,10.286361850891666,8.655298923717497,23.185591955377483,69.97398853012805,19.118398931573573,11.165016890564852,82.59638728041958,16.28746955770288,47.73409090909091,NA,1.5456438054835415,49.40767329087701,11.465084745762713
Central Park,8.99289555429373,3.8205618090116573,10.546237349276863,1.977116804168476,2.838872373826781,8.977457496910384,6.499078125521894,3.474905641470991,66.88300878452854,1.7319015331173384,2.5,0.833333333333,56.51601218,0.780825992387167,49.26943070585139,73.86878300458437,3.0892715187548014,8.368735659,31.949452000000004,32.47184331851976,19.58077044967452,0.6984694092546374,0.3419476917511883,81.29999999999998,21.2130494371023,1.1913069016152718,1.8217425354870287,26.7869505628977,3.573920704845815,13.708693098384726,2.430435633871757,8.991306901615271,53.33987341772151,59.86089084679393,3.582613803230543,10.243465491923642,7.917386196769457,22.71740577581987,72.92176211453744,19.847821830641212,10.656514929025942,88.57292953269899,15.839148311306902,50.834810126582276,NA,1.4913069016152718,28.264445484408046,7.793576137112722
Chaffee Park,2.4,10,50,16.6,10.7,4.3,17.3,4,44.5,11,4,1,43.85330579,0.5389901477832513,52.49873691085868,75.97732947812815,80,8.07258159,30.2665567307176,24.107124072448585,19.33257864922268,0.6087723455829189,0.30963328842481674,80.5,20.5,2.6,4.5,26.899999999999995,5.6,14.800000000000002,4.7,9.4,43.4,63.29999999999999,8.4,13,17.5,31.200000000000003,61.79999999999999,23.1,20.8,83.2,23.8,38.2,NA,2.9,178.65,4.869
Cheesman Park,3.0827670987930267,9.519121591417077,4.5898636566830575,0.3451944568618686,8.062159141707646,0.10852704514975413,15.08238712561466,6.131090746535539,86.19156236030398,5.09646848457756,0,0,62.75888038,0.1802482269503546,51.52762770920657,100,82.27743629861422,8.069561785,30.605318,29.843873813327807,19.442090718321047,0.6428941745462776,0.37287008208299866,78.80367466354592,22.636286522148918,1.7545711592836948,3.3455096270364884,24.909061532247204,5.436448094789283,14.309021139087115,3.490938467752794,9.354530766123604,53.55163934426229,62.57289618957856,5.018244243974687,9.554530766123603,9.136407701629192,27.336569274269557,72.08187693550559,19.363632691530903,11.400040393160092,84.90257168620379,20.245671199676856,46.98934426229508,NA,2.054571159283695,12.029149405772495,10
Cherry Creek,1.9603298070939639,6.476197884256378,5.592065961418793,0.9841319228375855,1.5190883634100807,0.7920659614187927,35.13016490354698,5.074548848786558,83.93652769135035,2.3444617299315498,1,0.5,80.68425898,0.52564312267658,52.37651211583045,91.64477128607317,20.922464219041693,8.074036833979006,31.640093,30.294971334118276,20.00645769844097,0.6484519308691156,0.3793050429331048,82.3,20.6,2.4,4.7,23,8.6,11.8,4.3,9,56.1,68.6,6.2,8.2,9.7,33.7,76.4,18,12,87.1,25.7,47.9,NA,2.8,40.034109004739335,5.837599999999999
City Park,8.3,7.9,9.5,1.6,5.3,3.5,16.3,1.3,78.4,3.8,3,1,98.4375,0.21852755905511811,53.076223189410044,97.43048635068453,60,8.048911365148518,30.766186,30.154025522074942,19.65778288674228,0.6461997799091448,0.36240892596456226,73.9,22.6,1.8,3.1,25.4,5.2,14.5,3.3000000000000003,9.5,52.7,62.4,4.8,9.7,9.1,26.1,72.1,19.3,11.6,85.4,19.6,45.8,NA,2,29.815,9.483
City Park West,14.78842609657206,18.72030962034648,14.647106524143014,4.951713969775158,14.061629192775523,7.037301879837818,10.692443789163287,3.1226686325101363,64.81098415038701,6.351124216734242,0,0,53.49326599,0.42951461988304096,52.39799297180816,93.07613529058048,65.24662734979728,8.051972522468409,30.32044478921658,29.774559359815324,18.973860057019735,0.641958197,0.3611952037935051,77.11889591970326,23.116887417218543,2.2589403973509934,3.6294701986754965,28.15364238410596,4.829470198675497,16.22317880794702,4.270529801324503,10.370529801324503,46.71428571428572,63.38311258278146,6.67682119205298,13.129470198675497,12.758940397350994,27.429470198675496,65.7115894039735,22.49470198675497,15.117880794701987,83.96828778755598,23.21887417218543,42.426785714285714,NA,2.3589403973509935,91.69409915560917,14.017746268656717
Civic Center,9,9,17.1,0.19999999999999998,7.6000000000000005,2.3,7.5,3,68.3,1.1,0,0,99.61170848,0.6220754716981132,50.971635513419706,85.65684177577113,9.4,8.104255924478606,30.333972,29.613146320428303,19.88806184007602,0.6408700683661067,0.395524137,NA,22.5,1.5,2.9,26.2,4.5,14.8,3.3,9.3,52.9,60.9,4.8,10.7,9.2,26.3,70.4,20.1,11.7,84.5,19.1,49.6,NA,1.8,121.655,10.588
Clayton,10.6,23.4,51.6,24.8,11.9,7.2,6.4,7.3,32.2,15,1,0,0,0.5211285714285714,50.362434465950784,79.90182587536552,79.3,8.255813308876428,30.70457552930554,30.452871922303473,20.500059244492213,0.6509437880231154,0.34905853235304546,77.1,21.3,3.2,4.5,31.1,4.6,17.4,5.3,11.1,39.2,63.9,9.7,16.3,20.8,28.8,55.2,26.1,23,82.3,27,35.6,NA,3.1,87.175,12.57
Cole,10.4,12.5,46.8,17.1,16,7.400000000000001,6.2,5.8,39.7,13.3,0.75,0.75,41.59827214,0.6690124223602485,50.49305116931123,85.82757801884476,84.5,8.261472383228831,30.419641000000002,29.337470984484476,20.53955522675184,0.6406629323746976,0.347767481,75.1,22.4,2.7,4.2,30.4,4,18.2,5,10.8,37.2,61.9,9.5,16.9,21.2,28.3,53,27,24,81.1,24.6,34.8,NA,2.9,79.546,12.607
College View - South Platte,5.4,13.6,66.8,26.6,10.9,10.2,10.7,3.9,18,28.4,2,1.2,44.98171475,0.6139,53.671571179111226,80.3698465272458,63,8.024013405531395,34.813168999999995,30.2371300374804,20.675367914473483,0.6507907568366487,0.4038442557983764,74.90000000000002,22.800000000000004,2.8999999999999995,4.799999999999999,31.6,4,19.5,6.4,10.599999999999998,35.1,59.2,10.5,21.699999999999996,26.6,31.1,44.89999999999999,27.1,30.5,76,25,32.2,NA,2.8999999999999995,91.984,11.492
Congress Park,4.625539536915684,12.501179554390564,8.52948012232416,3.4106858890345126,8.017116644823068,6.02786369593709,9.309217999126256,3.3417387505460905,77.23335954565313,4.225714285714286,3,0,62.16486024,0.2355722222222222,51.52310300604697,99.41977948485042,86.49737876802097,8.037268211220267,31.06562250109625,30.185771232140173,19.75764189886004,0.6466782914598643,0.371110892,79.72948047955734,22.774739918176508,1.5639041496201054,2.7577440093512564,25.3885447106955,4.891069549970777,14.257124488603157,3.167936879018118,9.36603156049094,53.77426470588236,61.919719462302744,4.487679719462302,9.966674459380478,8.658386908240795,26.299754529514907,72.99084745762711,19.480257159555816,11.03864406779661,86.33160269748554,18.754751607247226,48.23272058823529,NA,1.8197428404441847,47.35342471910113,8.946098814229249
Cory - Merrill,0.4,3.9,5.1,0.7,1.5,6.8,13.7,4.5,84.7,1.8,2,1,51.57669695,0.2799354838709677,55.38297897259498,94.59746947721769,66.4,8.095721332889934,33.31134349082942,30.51543554096998,20.26680206212726,0.6526199927114241,0.3870127763446849,84.1,21.399999999999995,1.8999999999999997,3.6,24.3,6.599999999999999,12.800000000000002,3.6,9,56.4,64.6,5.099999999999999,9.4,8.9,29.8,75.1,18.8,11.300000000000002,88,21.600000000000005,48.3,NA,2.2,15.313,9.009
Country Club,1.1,2,7.7,0.5,0,4.8,25.3,2.9,88.7,1.1,0,0,95.94496741,0.05403738317757009,52.80038461567443,99.97990861982939,94.7,8.097937692913954,31.17023418342174,29.962456063782135,20.009369311337004,0.6446641907544152,0.38613137990766955,NA,20.3,1.9000000000000001,3.6,22.6,7.3999999999999995,11,3.4,8.8,57.9,67.4,5.2,7.2,7.6000000000000005,32.5,80.1,18,9.4,89.2,22.7,53.8,NA,2.2,7.062,10.714
East Colfax,21.115678722404883,14.462667919210896,29.83635509628934,18.02853922029122,20.245467355565996,5.763917332080789,6.055941756693283,8.560281822451856,36.64460310004697,9.917200563644904,1.6,0.6,2.92672506,0.4121442307692308,51.75610406625839,91.77431049460219,77.73033348990137,8.152534641,32.277588,31.55005281973817,19.90411097907184,0.6698936461873309,0.35816746241494707,77.03829957356076,22.56729407002631,2.319226877150374,3.5192268771503743,31.5759158065169,3.961546245699251,18.292268771503746,4.831714227889091,10.757680631451123,42.571698113207546,62.14231936854888,7.586520947176685,17.365310665857113,17.34608378870674,27.009613438575187,56.43379882614856,24.74420157862781,20.784537543007488,80.0641641247663,23.41536126290225,39.407547169811316,NA,2.3548067192875934,164.526628577269,11.147306930693068
Five Points,11.688719647890807,15.326680183967163,18.565778151426734,4.975025963107661,9.944216408684042,3.825157014984422,4.11982592354483,5.9534444389496075,62.125592206122356,7.85586766233124,1.27272727273,0.909090909091,66.23591972,0.7268227848101266,51.0886470340038,86.64099148166363,25.784110578111864,8.005508661651554,30.05269,29.44530316597395,18.388349897128617,0.639700184,0.35142371896833186,75.37303629469122,22.65365600528352,1.6237475233512597,2.6793282385130675,27.744155108972542,3.3978677233701293,16.440343428625344,3.279318803660723,9.652240777431834,44.263414634146336,59.1935843004057,5.330851967166714,12.559335786394945,11.598273422020945,23.91874705160864,64.9328993301255,21.589734880649115,14.00421737899802,81.64562573953324,18.656260024530617,41.34756097560975,NA,1.8018964053212567,94.1845289276808,13.860568738229755
Fort Logan,2.520062871898507,9.21461771640283,20.860031435949253,9.922207252722577,5.848793084091164,6.727439092848322,19.812125294712025,3.9321432581115974,65.99186033456832,3.7783653306388234,0,0,2.00991908,0.2932875,53.79807548522949,95.02678541085062,73.54539126529696,7.558817258,36.755374,30.50735381162409,20.30131622449832,0.6557447201491484,0.3922222650914737,78.15925714936768,21.36364271980423,2.9176192973256425,5.544048243314106,26.633787799335778,7.513529103303618,14.593340325117987,5.871945464079706,9.555147701450796,50.67878315132605,66.38758958224088,8.115014857542388,13.494161859814719,15.27865757734662,34.03751092466353,65.63450445726272,21.43656703373536,18.50312882363223,82.97797818791945,27.42431393113092,43.84836193447738,NA,3.096574025520014,33.76690370796206,9.609197802197802
Gateway - Green Valley Ranch,28.298066040803935,6.864848340307438,42.674127875463434,13.987483468117858,9.002332892483144,7.967595342887497,6.567048977733452,6.0951759425882965,19.498183119051234,12.627962188062355,4.33333333333,0.333333333333,29.20686306,0.6350299539170506,53.828596019345845,80.27421207406522,2.731381306506515,8.316131292,34.184844,32.36138594973121,19.19670700263841,0.7033124332836935,0.34452087781347696,79.28555742010799,21.49452210910196,1.9536316669199207,2.7497720711138123,32.09648229752317,3.466008205439903,17.25986932077192,3.862209390670111,10.480626044674061,43.12296450939458,61.794750037988145,6.634037380337334,16.021638048928732,15.55161069746239,25.279668743352076,59.31879653548093,25.014010028870995,19.290259838930254,83.30521160782237,21.51654763713721,41.01691022964509,NA,2.086385047865066,85.2719027986585,11.5200162842339
Globeville - Elyria Swansea,3.5810301390314456,18.286040869646357,72.24500326583932,39.54961276476626,19.483596155640573,4.954278249510124,6.520350844452739,4.854072968181394,20.654922086404778,22.067780162358872,1.75,2.625,5.22954092,0.6623193493150685,52.397412214710634,61.57216011399246,79.26596995427825,8.844882059721995,30.479731699939535,28.278391642739308,23.329265055353787,0.6378469058231243,0.32838153278299753,75.01945829666569,22.53864864864865,2.6615315315315313,4.538468468468468,30.053873873873872,3.7845945945945947,19.138648648648648,5.269279279279279,10.530810810810811,35.36895306859206,59.64612612612613,9.838468468468468,17.853963963963963,24.5,29.746126126126125,48.66144144144144,26.776936936936938,27.892252252252252,78.36852207293666,23.476936936936937,32.95379061371841,NA,2.923063063063063,97.44216286569915,9.79364230769231
Goldsmith,9.551596014186792,14.657372065529472,10.42266509035636,5.00761695659517,16.808968079716262,11.77020773517987,16.606265833474076,7.375798007093396,72.43943590609695,11.449079547373755,0,0,43.08638673,0.3923364055299539,57.744399397140704,88.90987699564226,82.70896807971626,8.062304556501402,34.643349349890826,30.96534389760556,20.071642584838397,0.660386704,0.3771760872829965,73.8,21,2.8999999999999995,5.3,27.5,6.799999999999999,15.3,5.5,9.8,49.2,65.7,7.700000000000001,12.900000000000002,15.2,31.199999999999996,63.7,21.9,18.5,82.2,26.6,39.5,NA,3,64.04703373015873,9.400823529411765
Hale,2.5018267463235295,7.226102941176471,16.49934512867647,5.033099724264707,6.5708984374999995,5.051206341911764,9.81608455882353,1.5338005514705884,70.94665670955882,6.3505859375,0.333333333333,0.166666666667,88.33674364,0.2780828220858896,53.805285963245325,95.83115455638963,78.96783088235294,8.029657601584091,31.564034,30.67663473328323,19.923616325403607,0.6531185393302622,0.36732828978545234,78.89932033096926,21.81344455348381,1.892541707556428,3.32090284592738,26.104514229636898,5.486555446516192,13.940333660451422,3.6776251226692835,9.385083415112856,52.65951417004048,63.473110893032384,5.505986261040236,10.617958783120706,10.05377821393523,28.507458292443573,71.4730127576055,20.18361138370952,12.417958783120707,86.07419641271532,21.226889106967615,46.665182186234816,NA,2.128361138370952,27.079263708309778,5.302116417910447
Hampden,9.991337775499744,9.956955407483342,15.632306509482316,5.9589441312147615,4.894720656073808,6.424864172219375,15.883982573039466,5.446212198872374,64.30250128139416,6.569733470015377,3,2,53.37183763,0.31238573743922204,53.16471130636057,95.75116789365867,72.23145053818556,8.034694795986292,35.45083174438929,31.17014390497107,19.962348177858136,0.66489196,0.37311549852567655,80.37718967921896,21.724015369836696,2.896716443978692,5.3771373679154655,26.607309405292114,7.568937210723954,14.749401798969522,5.6832329054231066,9.894175181206881,50.694335169158144,67.3430268098856,7.86961837394114,12.57840363287049,14.155933979565102,33.1344424067767,66.98054318400139,21.439367740808663,16.89972054842372,83.09532684412049,27.81933455593398,43.49598741148702,NA,3.056082438215003,66.21953167925207,10.177112754158966
Hampden South,7.986661083861706,6.516329704510109,16.132964469434143,2.8958667304701518,5.479507118076325,4.989795430075367,17.04359971288432,3.9364876181361406,70.89888144514894,8.49831917693504,4.5,2,28.7323387,0.3449181561618062,51.41497142251112,95.14532823615302,59.16836344060294,7.9491666398783245,36.425399999999996,31.14392548,19.953915982357874,0.6649703035935826,0.37446764961629425,82.01339803207979,21.187640449438202,2.319230386795267,4.288624838421,25.45597096549667,7.0160385800934675,13.591160385800933,4.391896191707269,9.368738192303868,54.228683035714276,66.0508998707368,6.257363030724869,10.532564383016805,10.99091180272447,31.250651287660336,71.89968181366213,19.648523416525805,13.717589738490602,84.9902960040791,24.238540320175,47.76417410714286,NA,2.5846972258128664,56.11121519599936,8.65877950310559
Harvey Park,1.802008288173414,9.269126554032516,53.51410583359898,16.207379662097548,4.232228243544788,8.932881734140897,11.509387950270959,5.708080969078738,39.76174689193497,13.467771756455212,7,0,23.92580418,0.30801769911504423,52.484988268426314,92.2052845464681,96.17986930188077,8.027323102,35.24931221929658,30.150718660142346,20.71682741458727,0.6504600742075594,0.40557534319640626,78.35317172989139,21.759839118129,2.7560107254580664,4.9680321763742,28.13989274541933,5.480053627290332,16.471860569045138,5.687978549083867,9.819946372709667,43.85891891891892,62.440160881871,8.656010725458065,15.635796216296738,19.48388201996127,31.304096529122603,57.20026813645166,23.88388201996127,23.0959034708774,80.9,24.64808580366453,37.483783783783785,NA,2.956010725458066,75.14712282422163,10.574865671641792
Harvey Park South,3.470700636942675,14.142775729131746,47.9257682422617,19.68587551681752,14.09247960665996,6.012884121130853,12.10398927254442,3.531590121801319,40.634663090848136,12.692937758408762,2,0,16.4549483,0.3023890784982935,54.74175955195592,93.76178638430927,82.842965694491,7.875879592270312,35.899224000000004,30.32288639794857,20.524635153186185,0.6527705896779179,0.39910543752963046,75.83970156002714,22.152743902439024,3.1254573170731703,5.590548780487804,28.048018292682926,6.3934451219512205,16.464024390243903,6.466920731707317,10.111280487804878,45.97644539614561,64.08689024390245,9.132012195121952,15.926219512195123,19.7375,33.06981707317074,58.17118902439025,23.2734756097561,23.007317073170732,79.89010487229666,26.616006097560973,39.52312633832976,NA,3.230182926829268,56.466072275550545,8.105643564356436
Highland,0.6273648648648649,6.166909672830727,18.43780227596017,6.541349573257468,2.559690611664296,3.7237375533428163,6.844594594594595,3.6498310810810812,73.08856685633,7.237259957325747,2.66666666667,1.33333333333,43.084455319999996,0.5580477386934674,54.403975293337254,89.65525418537123,43.491980796586056,8.087208231936419,30.37672172678556,26.07325886384248,19.471757183006375,0.621658978,0.3443210266502451,76.02148815482148,21.877843777843776,1.6916542916542916,3.0833085833085834,25.36115236115236,4.594386694386694,14.586189486189486,3.1916542916542916,9.208345708345709,48.284536082474226,61.05265815265815,5.419423819423819,10.569498069498069,11.18057618057618,26.18042768042768,68.3998514998515,20.344460944460945,13.988921888921888,85.30400153905349,18.85265815265815,41.26254295532646,NA,2.091654291654292,39.2450846869049,9.70185655737705
Hilltop,4.764505964438443,5.732252982219221,7.363380598694576,2.4863380598694573,0.9661264911096106,6.861197389151474,21.1,4.218591042088679,77.07922574836822,1.1229574611748818,0,0,19.9184921,0.15517810760667902,53.67374585024377,99.23701527131266,68.26880486158001,8.077376113,32.238395000000004,30.79734967043884,20.001056146932576,0.6555704599498584,0.3716509415859029,84.94608034744844,19.456268727330073,2.3688061819902226,4.525074909320296,23.13149345529096,8.512537454660148,11.00641854597067,3.925074909320297,8.768806181990222,56.81988217967599,69.2250749093203,6.137612363980445,7.750149818640592,9.18776218262104,33.593581454029334,77.98686327077748,18.237612363980443,11.36910581927141,88.60576954397395,25.68776218262104,48.75346097201767,NA,2.725074909320296,34.98317242363689,10.6055
Indian Creek,9.4,9,12.7,3,4.4,5.4,16.3,2,63.8,5.3,0,0,25.34246575,0.4989404761904762,52.046731084029865,91.83486871247554,11.8,8.092700015611438,34.24966662954944,31.12418758530423,19.99594993016508,0.6630508332653743,0.37252006970245033,79.2,22.6,2.1,3.7,26.5,6.6,14.2,4.5,10,53,66,6,11.5,10.9,30.7,72,20.7,13.6,86.6,23.4,49.8,NA,2.4,46.571,7.821
Jefferson Park,2.6,12.2,26.4,10.5,4.3,3.7,4,3.9,63.2,13.1,3,2,94.42431001,0.6375604395604395,54.998779658267374,84.27584070625377,30.5,8.177939268159935,30.638765,27.876711124531298,20.520219605030228,0.6321895649657031,0.3968327716584452,80.9,21.5,1.3,2.3,26,3.1,15.3,2.7,9.1,45.3,58.3,5,10.6,11.7,23.5,65.5,21.3,14.5,84,16.1,42.3,NA,1.8,31.211,9.914
Kennedy,26.5,8.8,27.7,18.8,4.8,4.3,1.9,5.1,30.7,15.899999999999999,0,0,0,0.49638095238095237,48.70102835953838,82.6024464275416,62.8,8.028739793301602,35.845237000000004,31.33779262577345,19.856488500536493,0.6689476688895175,0.3694569726251019,NA,23.2,1.5,2.2,31.3,2.5,19.4,3.7,10.5,42.9,57.2,5,16.8,15,22.1,55,21.9,19,75.9,17.2,38.6,NA,1.6,72.967,11.823
Lincoln Park,11.363097776424004,22.764742613463294,40.9241242765763,12.404949741090466,21.14907097167225,6.47505330490405,9.605772159610114,6.1138135851355475,42.2721596101127,12.599177581480353,0.8,0.6,91.54173193,0.7274010989010989,55.611353616849385,71.14421972687153,46.214636003655194,8.359864738339404,30.698395722505488,29.32494740480468,22.276261856783385,0.6400114428032397,0.45880827876107655,74.2,25.036237408113262,2.3391233324258103,3.927525183773482,29.318812959433707,3.788401851347672,19.976803702695346,5.1028859243125515,11.001442962156275,38.49680365296803,60.15505036754696,8.05649332970324,17.395616662129047,19.201388510754153,27.343452218894637,54.171086305472365,24.55937925401579,22.101388510754152,77.1999642218247,22.023141845902533,35.031050228310505,NA,2.5014429621562755,87.28017374517376,14.079728070175438
Lowry Field,4.368027965819554,7.940872267228942,15.147364332482521,1.3894240372877593,2.510820108755965,3.2406281211852184,17.114904006214626,5.108411940961047,73.91874375762957,3.2574520031073133,4,0,57.28270042,0.5773733333333333,52.944351488365655,82.13109887323019,14.679791366108088,8.131698866847612,32.95685554467145,31.347760933560764,19.923531317908058,0.6663330229353428,0.3644441520378217,79.4,22.4,1.8000000000000003,3.1000000000000005,25.699999999999996,5.4,14.3,3.3999999999999995,9.7,54.5,63.60000000000001,4.8,10,9.4,26.6,72.7,19.5,12,86.5,19.9,46.2,NA,2,98.92644209265175,8.255973451327435
Mar Lee,0.7843717238280665,19.272862063801107,62.69095402126704,27.274269881683388,9.460401377864311,10.392713793619889,8.64653287404523,2.739246667665119,28.70035195447057,17.54618091957466,1.2,0.4,97.71234428,0.43827948717948717,52.57547745337853,88.65283263932028,91.59517747491388,8.135004536523303,34.428228,29.944020514684897,20.980284988983197,0.6478870050896207,0.4145755473000249,75.71315577668837,21.852485147080134,2.847514852919866,4.9425445587596,29.524851470801334,4.9701782350384,17.434792059121868,5.795029705839734,10.004970294160268,39.45902777777778,61.44532676423706,9.409940588320532,17.287277206202,22.2320098536444,31.265207940878135,52.6934357339516,25.434792059121868,26.289465294884796,79.53854389721627,24.917693087958266,34.88217592592593,NA,3.047514852919867,79.39032736025676,10.569380549682876
Marston,0.7223258501155496,6.515599207659293,16.98482172334104,4.052203697589964,4.287660944206009,6.665120501815781,16.341952789699572,4.663189171343678,69.72974579068999,9.091094420600857,2.66666666667,0.666666666667,55.63858696,0.4359734693877551,54.23584270925029,95.49828631733342,14.04867943215583,7.427898634,37.281895000000006,30.62087189526465,20.08590865,0.6581857366954524,0.3871344045182541,81.4279082129884,23.039383170453103,2.0202056098489654,3.6404112196979317,26.43109531666455,5.824863561365656,15.287054194694758,4.420205609848966,9.667876634090621,52.78931034482759,63.36164487879173,5.920205609848966,12.331095316664554,11.59171214621145,29.517603756821934,69.31397385455007,20.36321868257393,14.503629902271863,83.73920097964181,21.697398146972965,47.21413793103448,NA,2.2761644878791727,23.53873042319227,11.361485915492956
Montbello,18.793209543037506,11.778786930929567,65.77273295987716,28.987846560696106,14.251485767907413,6.586984957488554,8.637694429436687,7.5303949725595025,8.370731083117695,18.86879460858191,8,8,15.45556805,0.6992098214285715,48.660704315761116,83.70821859719761,54.27739926635767,8.388885003,32.702931636801544,32.552374707181784,19.28481342136791,0.7073442672130278,0.3405231880363033,78.51190428713859,21.666106756252333,3.024061216871967,4.237402015677492,33.31161627472938,3.9223068309070546,18.93143710339679,5.604322508398655,11.270541246733856,36.30253411306043,62.37076521089959,9.986472564389697,19.36348637551325,23.87779022023143,28.616954087346024,49.115259425158634,28.52488241881299,27.202515864128408,80.43146011748885,26.43799925345278,35.38187134502924,NA,2.904762971257932,110.47028982235744,11.540858024691357
Montclair,4.729713017282385,4.919930236245442,20.371729824005072,4.918836213730775,5.009418106865388,2.8,12.288409703504042,4.048913905184715,67.99602029491042,9.235864912002535,1.2,0.6,74.61928934,0.19208142493638677,52.28977470397949,99.26345456376423,83.01124147772317,8.084770025515239,32.03786540499828,31.11160285302804,19.957225329535525,0.6605235127923802,0.363909786,81.6,21,1.8,3.1,24.8,6,12.6,3.2,9.1,55.5,64.9,5,8.7,8.3,28.7,76.5,19.1,10.5,88.7,20.9,49.3,NA,2.1,52.41472806430007,8.777521739130435
North Capitol Hill,7.0238930774503086,11.986977381768334,16.397601096641534,2.009732693625771,10.328224811514735,1.0673337902673066,9.50135709389993,2.6209321453050034,70.92087731322823,7.091350239890336,0.75,0.25,100,0.6426859504132232,51.79046746311161,90.05068182100841,41.249883481836875,7.986250356411416,30.07086696745645,29.834370697541036,18.25950515614677,0.6412880166667411,0.3588282069639035,75.1379706229951,22.747799003322257,1.465406976744186,2.678612956810631,25.891818936877076,3.8176079734219273,15.578612956810632,2.978612956810631,9.352200996677741,50.14237288135594,59.435215946843854,4.548421926910299,10.32263289036545,9.283637873754152,23.84464285714286,69.44152823920267,19.209426910299005,11.640240863787376,82.22127659574468,17.518853820598007,45.54915254237289,NA,1.713205980066445,68.3729501863775,10.490101694915253
North Park Hill,25.506716288731173,8.818504414055738,12.101679072182792,5.059927297905487,4.9956205643067335,6.69091223818591,13.092591310368702,4.750839536091397,50.064999134498876,4.9090877618140905,1,0,17.4184261,0.3029284064665127,52.09186041569649,92.44908547592416,95.97609485892332,8.142217726,31.357999999999997,31.31519831853147,20.04799502508716,0.6635263641060088,0.3542555074540978,78.9256147346435,19.435934113567402,2.758495882097963,3.8754876462938883,28.332032943216298,6.133983528391851,13.275487646293888,3.950975292587777,9.958495882097962,48.509523809523806,68.20752058951018,7.758495882097962,10.801950585175552,12.350975292587776,29.677438231469445,70.50752058951018,22.641504117902038,14.616991764195923,88.1657971014493,27.57548764629389,45.16428571428572,NA,2.8584958820979622,68.28290496189143,10.720540145985401
Northeast Park Hill,33.680119880119875,16.931035631035634,32.866333666333674,13.348484848484848,17.06673326673327,4.660039960039961,12.506293706293706,6.519680319680319,25.784382284382286,7.375657675657676,1.66666666667,3.66666666667,6.75127798,0.7359606440071557,50.61922961975514,71.36941083933203,75.34485514485515,8.330717022727383,31.158774,31.958947955980133,20.176356621802533,0.67823169824771945,0.3437753400784814,76.7522342064715,20.84614809274495,3.9153328347045626,5.107629020194465,34.23836948391922,5.076888556469709,17.969184741959612,6.29222139117427,11.776888556469709,38.57692307692308,67.59222139117428,11.76910994764398,18.545998504113687,22.44592370979806,30.115258040388934,52.9002243829469,29.484517576664174,24.869035153328344,83.06824407291963,32.69207180254301,35.97692307692308,NA,3.576888556469708,158.03902038505097,12.861333333333334
Overland,0.7,11.4,15.6,7.3,4.2,6.7,6.2,3.7,73.5,8.8,0,0,26.58415842,0.48964980544747083,54.242838818027124,76.47201821418602,49.5,8.091136962986793,33.938159000000006,30.21537999596296,20.67412290797259,0.6497767852405331,0.40381360161423147,79.1,23.3,1.8,3.3,27,4.4,16.5,4.1,9.8,47.9,60.5,5.8,13.1,12.7,27,65.1,21.3,15.4,82.8,19.7,43,NA,2.1,26.406,13.187000000000001
Platt Park,0.7923030394677151,9.086662634205354,10.738484802661425,1.2794949342204747,0.739482836836534,9.356404052623622,10.010751549977318,2.132315136851656,75.64406472100409,4.697943444730077,0,0,77.26084684,0.35452320675105486,51.42445129161177,94.36044840207857,76.49535762891276,8.107532266134662,33.479375,30.235980468852603,20.59270405103792,0.6495780092802546,0.4009287481215972,84.4,22.2,1.3,2.4,24,5,13,2.6,9,56.3,62.099999999999994,3.7999999999999994,8,6.9,26,77.3,18.1,9.1,88.5,17.2,50.1,NA,1.7,6.597626090183707,6.779146608315098
Regis,1.5,17.4,25,6.1,8.5,6.1,12.9,4,66.4,2.7,0,0,4.44325482,0.26385140562249,53.649207430128136,88.98804087138379,81,8.207016199166848,31.315185000000003,27.53349924369944,19.984868524760955,0.6294892786144902,0.3381895096265046,77.4,24.2,2.2,4.1,26.7,5.2,17.5,4.8,10.2,47.2,62.5,6.7,13.4,14.3,29.1,64.5,21.2,17.3,82.1,21.8,41.5,NA,2.4,28.528,7.025
Rosedale,5.2,10.1,18.5,3.7,0.6,6.700000000000001,13.8,4.4,70.4,12.5,0,4,59.35529082,0.21848672566371682,51.90708092451096,91.66115072138406,84.8,8.041912088644876,34.438702,30.396181322149037,20.487042540619232,0.6520808460158114,0.39640125015921746,78,22.2,2.1,3.8,24.7,6.5,14,3.8,9.2,53.6,63.5,5,10.1,9.8,28.4,72.4,18.8,12.5,86.4,21.2,41.9,NA,2.3,50.778,7.359
Ruby Hill,2.3530665594208724,24.376533279710436,67.98795495676653,31.867021918359143,16.1372008847778,4.269555600241303,13.743334003619545,3.9773778403378244,22.352000804343454,16.83657751860044,0.5,1.5,55.01672241,0.511718954248366,51.60604160727793,80.96804783361597,91.70106575507742,8.148100057,33.609833702735486,29.99393993472266,20.98259026353549,0.6474960275525401,0.4150874633986489,77.28300804735917,21.187585133294416,3.1124148667055844,5.462346760070052,29.5748978400467,5.162482973341117,17.024965946682233,6.237380813387819,10,38.93207547169811,62.4497956800934,10.799591360186806,17.524829733411167,23.886904066939092,32.97462541350457,51.42564701303756,25.56221054679899,27.82442109359798,78.36953859610759,26.736972173574625,34.966037735849056,NA,3.249931893364468,136.40184623893808,11.293082191780822
Skyland,22.9,16.5,15.1,4.2,6.5,9.1,14.1,3,55.3,5.4,0,0,0,0.3868254716981132,51.546515504606475,80.40725263433747,88.5,8.126510141,30.682841,30.206099068335213,19.90642750072645,0.6471606598697851,0.35591934431205613,74.1,18.3,3.1,4.2,29.5,6.1000000000000005,13.299999999999999,3.9,10,NA,68.9,8.6,10.7,13.299999999999999,29.2,68.6,23.5,15.799999999999999,88.1,29.5,NA,NA,3.1999999999999997,68.312,13.487
Sloan Lake,1.511355128525081,13.221749438482654,19.28009732967307,7.255527826303968,10.116895432992264,7.812128774644372,13.042350885949588,3.3196531070626403,72.96593461442475,2.261991514849014,0,0,54.92303934,0.2662254335260116,51.544068878416034,94.61084693043792,81.50853506363863,8.218184756375793,31.470707,28.034718965172956,20.79494702294828,0.6330322805133731,0.40021944,78.72266734928964,21.848122866894197,2.404095563139932,4.364163822525597,25.86825938566553,6.1000000000000005,14.45631399317406,4.43617747440273,9.50409556313993,48.33793103448276,64.32798634812286,7.256313993174062,12.020477815699659,13.616723549488054,30.708191126279864,67.15870307167235,21.25631399317406,16.40477815699659,85.18550188961336,23.504436860068257,41.91379310344828,NA,2.732081911262798,75.30727962774466,13.867845878136201
South Park Hill,7.493069413153096,3.7528269498980804,10.552097414440512,2.2989056968136463,2.9043772127454135,6.10164145477953,16.202918141830274,5.499635232271216,72.20583628366056,3.8000000000000003,1,2,40.77466632,0.1407747572815534,53.31074943268698,98.96635291326602,91.20966634481279,8.072300471,31.517899000000003,31.06881352740009,19.97292248456352,0.6591568893962891,0.3597469391384579,82.04868852459016,21.338081169336032,2,3.5034053801897063,24.84489192971544,6.213621520758825,13.07275695848235,3.651702690094853,9.393189239620586,53.68936170212766,65.76532421085368,5.651702690094853,9.251702690094852,9.396594619810294,30.234053801897062,75.32043228113825,19.413621520758824,11.489783859430883,87.6296417921715,22.420432281138236,48.742553191489364,NA,2.251702690094853,28.522404958677686,7.651076335877863
Southmoor Park,3.312892561983471,8.868760330578512,6.33702479338843,1.8499173553719008,0.7249586776859505,2.330909090909091,10.736198347107438,2.443801652892562,82.71223140495867,4.443636363636363,0,0,6.33428688,0.35319713261648744,52.807734830471766,91.87256131423769,32.25322314049587,7.916229767195916,36.517583,31.027999571646784,20.023201784322243,0.6626900788726864,0.3775186276743388,83.2271676300578,21.703906457613606,1.7600584639914962,3.357454158915759,23.87467446186553,5.929524315705554,13.65455753388254,3.23343077331916,9.062662769067234,55.577777777777776,62.99638586234387,4.481477544512357,8.146744618655328,8.293489237310657,26.5671538665958,74.56136061652937,17.094791389848528,10.944140313579592,84.12863567266277,19.253840021259638,46.44444444444444,NA,2.060058463991496,550.8720781065089,7.127111111111111
Speer,1.15561675847104,6.726923718911701,8.970889667835086,2.742814221331998,2.430829577699883,1.942179936571524,10.301201802704057,2.333450175262894,83.81760974795526,6.39749624436655,2,1.66666666667,77.19205763,0.38997241379310343,52.413259528113194,98.16707339860781,75.14374895676849,8.143980457352749,31.20359650208754,29.797593055438742,20.465938591260706,0.6434208228991019,0.4031238429687896,78.85975592844265,23.113077525450276,1.3780344557556774,2.580207517619421,24.93778386844166,4.539350039154268,14.773159749412686,2.875861393891934,9.262255285826155,54.65555555555556,60.17926781519186,3.8978269381362565,9.309299138606109,8.096025841816758,24.213234142521536,72.53696162881754,18.49659357870008,10.660454189506657,85.40319103972949,16.73500391542678,46.27528735632184,NA,1.7411902897415819,44.813598469292515,9.35298224852071
Sun Valley,40.3,73.4,44.6,34,71.3,13.7,4.6,31,7.8,6,0,0,0,0.736541095890411,50.99845241507432,31.49851355240876,98.3,8.430273758,31.10684588491555,28.899159972491244,22.714523163497823,0.6381450429171848,0.4702137761553067,75,30.1,4,5.9,37.4,3.1,30.4,10.1,15.3,25.9,62.7,15.3,32.4,41.5,30.300000000000004,27.9,34.2,44.8,65.1,30,22.199999999999996,NA,3.6000000000000005,241.251,13.71
Sunnyside,4.917479168662005,16.760080452063978,41.21346614308975,15.967455224595346,13.75968776937075,4.343041854228522,13.047150656067425,4.351096638253042,47.64470836126808,4.397825878747247,4,2.5,20.67095219,0.4748589211618257,53.56102881287084,86.13061464236951,88.514998563356,7.916494825403783,30.19153700677018,23.33391808664549,18.12203412,0.6054780709555113,0.3071714612251823,75.63201790073231,21.896720236143,2.3746802230239425,4.1595605116431615,27.781239750737946,4.7664808133814365,16.115119711380782,4.5256805510003275,9.7983601180715,42.48395989974937,62.10400131190554,8.364480157428664,14.403279763857002,17.691439816333222,29.67012135126271,59.87012135126271,24.08287963266645,20.881239750737947,83.00925742981806,22.849721220072155,38.08571428571429,NA,2.7746802230239425,104.66094162962963,8.91359090909091
Union Station,0.613363467779323,7.595004636068614,9.35362772369031,1.6055632823365784,2.0002781641168292,0.036080203987019006,16.281328233657856,2.5528048215113586,79.50792767732963,5.029705609643023,1.75,1,100,0.6561463414634147,53.25091376021917,84.71084622774674,17.78157162726008,8.016986624173496,30.109816943245953,29.161873869272465,18.67912874059552,0.6385190458666917,0.36121320686893943,78.9,21,1.9,3.7,24.1,5.9,13,3.4,8.8,54,63.9,5.8,8.8,9.1,29.9,73,18.4,11.6,85.5,21.8,47.9,NA,2.2,46.60007721652196,6.757000000000001
University,3.8114089901229593,8.364261237653698,10.207276758718,1.5326547067123564,1.7942955049385205,3.751279983874219,8.910884902237452,6.136786938117315,76.8720016125781,7.929046563192904,3,2,40.39453037,0.25015822784810127,52.82008538311337,94.89861739026736,86.22432977222334,8.051829632336949,34.31888434009202,30.488519191797455,20.38472762,0.6530649303135575,0.39208360517624674,82.9192164377728,25.398803929944467,1.191072191371209,2.1095258436565567,24.5630926954293,3.2916702263989746,18.46189662537377,2.7910721913712084,10.117855617257584,52.3282700421941,58.574412644169165,3.1732165741136265,9.099401964972234,8.20892780862879,20.811319948739857,71.12024775736865,16.254762921828277,10.990474156343444,78.76446288325863,13.601794105083298,44.95232067510549,NA,1.3547629218282786,37.30968106995884,10.381908745247149
University Hills,4.037972972972972,6.290810810810811,9.655405405405405,7.438648648648649,3.8891891891891888,7.952027027027027,14.95472972972973,6.082432432432433,78.10486486486487,6.065540540540541,0.6,0.4,75.17440462,0.2803293768545994,54.875239541244035,93.58210820172772,78.61648648648648,8.019569614109942,35.107535000000006,30.83888803304663,20.147247722618314,0.6585473217517777,0.3814780900721927,78.58920243325447,22.090922224897664,2.3776787864194557,4.432217673970624,25.64546111244883,7.117336864916928,14.122321213580545,4.8008186852877435,9.407440404526847,53.16081081081081,64.68013484228268,6.016518179629183,12.022321213580545,11.75535757283891,30.918155550204666,70.26860101131712,19.79174091018541,14.517336864916928,85.87845710431104,23.75037322417529,43.4081081081081,NA,2.5776787864194555,35.910488397790054,9.66292602739726
University Park,4.506044815007817,13.631318394997395,13.156852527358,1.5389786347055758,2.9508077123501826,2.8622980719124542,13.614382490880667,3.8610213652944236,71.79684731631058,3.006383533090151,0.5,0,38.49860982,0.2002943143812709,53.89524847736053,98.53324117069253,60.75779051589369,8.059686404649467,34.267157613338064,30.619590494039144,20.269567363991023,0.6547217672866866,0.3868641495650429,80.65978835978837,23.00868195343952,1.9595659023280239,3.678697706984072,24.62130229301593,5.774356730264309,15.534325223175216,3.9191318046560477,9.702170488359881,52.37625899280576,63.28480658148083,5.136093120952214,9.60217048835988,10.063906879047785,27.84003150708909,71.15699282338527,18.114790827936286,12.806511465079645,80.3849526969466,20.465674776824788,42.72841726618705,NA,2.2191318046560475,19.144129626662394,7.858506756756756
Valverde,0,29.8,79.1,28.6,34.7,7.5,17.1,3,19.1,19.4,2,4.5,0,0.7333145539906103,50.48764172944948,72.46752553566195,88.7,8.332397486121698,31.860675937554497,29.464648614416607,22.11666963300405,0.6420427411690305,0.4527733584873138,72.2,22.2,2.7,4.5,30.3,4,18.5,5.4,10.3,36.5,60,9.8,18.5,24.5,30.2,48.8,26.7,28.6,77.9,23.7,33.3,NA,2.9,109.53599999999999,11.945
Villa Park,2.7449712157128343,24.421830906422848,68.43761146856303,27.722485607856417,22.09264025285021,6.829190653572638,8.45805395642849,9.11545321142341,26.501309402867143,18.266802122135683,0.5,0.25,0,0.48782470119521915,51.96178587802881,88.35245786596785,86.51038491929111,8.312515793017976,32.167604000000004,29.01215096164616,21.863202861649228,0.6395698849324545,0.4432101953887611,77.22398467432951,22.88498982047011,2.859207847492134,4.866574125485841,30.25156394595595,4.2444752915047195,18.858930223949656,5.988672959466963,10.566574125485841,35.68666666666666,60.33710901351102,10.544197667962244,19.166018878400887,25.68811771238201,30.725781972977973,48.19742735517305,27.82918748843235,28.83259300388673,78.99868488075946,24.810771793448087,32.86666666666667,NA,3.107366277993707,162.89834632862951,6.40008717948718
Virginia Village,8.045058784010749,7.260094054417198,18.232683909976487,6.066153846153847,6.819247564662412,5.615505542492442,12.80675848169298,3.7541551897883774,66.2762311051394,9.811488075243533,2,1,33.71180264,0.30198097251585626,53.8728945183966,95.55745023543844,85.72659052737656,8.088248510241598,33.80652295719896,30.834976789882532,20.11365109072772,0.6575769917268429,0.37869176473368293,76.31323841903952,22.188395761200294,2.420407092645053,4.373717343405729,26.76150456405414,6.167201762669184,15.161231770013641,4.861924247193369,9.764442346028748,50.017223198594024,64.25509390410241,6.708435631098522,12.747361242262091,13.238967579477496,30.119693631308362,66.60338894134928,21.31814080369321,15.98413597733711,83.84625413504574,24.092141433217922,42.399297012302284,NA,2.5744832651348233,50.58935361953678,9.063344186046512
Washington Park,0.8900575184880856,4.099808271706381,6.954875376609148,1.9101342098055327,0.26003834565872364,4.84531635168447,18.533648315529994,3.9252396603670223,89.1500958641468,3.435182141878937,2,2,2.71629779,0.12460790273556231,53.7368679386909,96.95087391358886,80.96539304300192,8.119525026,32.461218,30.20770338933205,20.40330410063916,0.6483671930618573,0.39479946053386866,84.46581395348838,21.232390431290376,1.835969966823817,3.507909900471451,23.41657063034748,6.759699668238171,12.160450497642744,3.492090099528549,8.892090099528549,56.815151515151506,65.18342936965253,4.964030033176183,8.372690763052208,8.204330364938013,30.459699668238173,77.25103893836214,18.160450497642742,10.33239043129038,88.11366978868332,21.487759734590536,49.75827505827507,NA,2.171939933647634,21.895662445954294,6.821884318766066
Washington Park West,0.8163234895692225,8.236724464914657,7.530601463018153,1.5040774857762123,2.2387699810349497,5.4326605256028175,8.49593606068816,4.326537523706313,83.49798157680846,4.718355459225142,1,0.666666666667,92.18858331,0.371411149825784,53.75750865973654,94.59723266477675,82.33474668111623,8.145050994653836,32.326153000000005,30.03181506232589,20.64819483326208,0.6465756328629731,0.4047636503376824,83.58606410785528,22.460429394309653,1.3,2.458142782335486,24.302286611974164,4.748856694012916,13.527858264967708,2.741857217664514,9.025571652993541,55.42723214285714,61.0721417350323,3.858142782335486,8.686001047303193,7.33485774131611,25.430284517367777,75.54428347006457,18.33485774131611,9.618572176645138,87.82252531268612,16.96514225868389,50.26517857142858,NA,1.6581427823354862,65.97497837357429,7.246726840855106
Washington Virginia Vale,17.910544839255497,12.815587140439932,15.667174280879866,5.1666328257191205,13.711851099830795,5.4758714043993235,12.98673434856176,6.592074450084603,54.79107952622673,7.3252521150592225,1.25,0.75,77.29632137,0.46276470588235297,53.57573070166246,91.39841267601336,76.56774280879864,8.101514381,33.185918,30.931790124685776,20.042606725113476,0.6586398309535193,0.37396776017117817,79.65802951388889,21.919540992305652,2.6312284425577075,4.628933404085965,27.468851154152294,6.470708410719023,15.31644998673388,5.098010082249934,9.938418678694614,50.08397863818425,65.48010082249934,7.101140886176704,12.687198195807905,13.457375961793579,30.575510745555853,66.18449190766782,21.236163438577872,16.364566197930486,82.90849225813537,25.308808702573625,42.73297730307076,NA,2.7260679225258686,54.00721631166538,12.783127659574468
Wellshire,0,2.6,16,2,2.9,3.6,25.1,1,82.4,2.9,0,0,39.20171062,0.25421719457013575,52.89645122445148,99.52920527932872,94.1,7.986588895825372,35.28739260096929,30.725063193994963,20.224963225563332,0.6569031397587751,0.38532864441214953,83.5,19.8,2.6,5.1,22.9,9.3,11.2,4.5,8.8,56.9,69.7,6.4,8.7,10,35,77,18.1,12.5,88.19999999999999,26.9,48.4,NA,2.9,38.548,6.015
West Colfax,5.477729636048527,11.039861351819757,35.81332563065666,7.2280955131908335,13.589919121894859,3.9550933949547464,10.263768534565761,4.150327363758906,55.40834777585211,4.125505488157135,5,2,0.22093023,0.5193503401360544,51.21200779829315,83.36902013003258,64.13069516657039,8.285053557390416,31.754841,28.635189906101974,21.57050203244922,0.6369748311045453,0.4324570892080641,76.06657894736841,22.336508800580656,2.608927599346761,4.608727998548358,28.382144801306477,4.726782798040284,17.354962801669387,5.181545998911268,10.163690800217747,41.55958083832335,62.22658319724187,9.054363999274178,15.427381600435494,19.909127200145168,29.917256396298313,55.83551079658864,25.100399201596804,23.136508800580653,80.32263038994205,24.02638359644348,36.94550898203593,NA,2.863491199419343,199.22026395696352,11.851975460122699
West Highland,0.4119089316987741,5.7535901926444835,8.550262697022767,1.1514886164623468,2.8672504378283716,5.587215411558669,9.227670753064798,2.963397548161121,83.03187390542908,4.781260945709282,2,1,62.78792015,0.34126436781609193,51.90788791372356,96.44429738494465,74.31908931698774,8.172097800415719,31.177294644064922,27.22194094765028,20.151742584746987,0.6275549383185737,0.3653458073108557,79.25481633979845,22.009978249048395,1.754989124524198,3.2099782490483957,25.219956498096792,5.545010875475802,13.729934747145187,3.364967373572594,9.100000000000001,52.94017857142857,63.01507612833062,5.254989124524197,10.159869494290374,9.539912996193584,27.990021750951605,72.73525013594345,19.829934747145188,12.159869494290374,87.33043423178032,20.064967373572593,46.89241071428571,NA,2.154989124524198,16.4628,8.084305494505495
Westwood,2.8017556693489394,28.654926565753193,82.3080693264307,38.30513758370378,14.704833717854932,9.575308086207865,5.894823026278768,3.254769005683417,12.602295875302458,27.86426199988746,0.272727272727,0.363636363636,14.06015038,0.5676186046511628,52.81684932534553,84.95544482236512,80.76844859602724,8.217775941060733,33.589926,29.68545015281135,21.33046847613739,0.6451457404868958,0.42640970324952815,75.27450660872714,22.88402042595591,2.8515879935234776,4.894793872213228,31.155934736579898,3.837389463195915,19.70311371279113,5.947178976211235,10.651463445011832,34.07722772277228,59.42411259185453,10.786648399551625,20.394544775189935,27.50125793996762,30.545945945945945,44.31048698468053,27.949458213974346,31.44758998629966,76.31592637296319,24.552621746170132,31.47821782178218,NA,3.0678664839955165,64.43130642524834,9.422176296296296
Whittier,14.600000000000001,11.5,22.1,6.4,20.6,9.2,6.5,2.3,56,7.300000000000001,0,0,13.79602201,0.3888783068783069,50.20584734495696,97.2248695013258,88.9,8.091089441780879,30.28606674222072,29.603309308886157,19.227619754591824,0.6412867483701118,0.35477823653713364,74.8,21.3,2.1,2.9,28.7,4.3,15.3,3.5,10.1,46.2,63.3,6.2,12.1,12.2,25.4,67.2,22.3,14.8,86.2,21.9,40.7,NA,2.2,99.159,12.01
Windsor,17.088294198895028,16.34792817679558,23.525835635359115,8.016671270718232,10.077023480662985,3.777161602209945,27.43578729281768,6.101312154696132,50.119053867403316,16.26188535911602,2,2,20.38015857,0.3100519480519481,53.47339790716129,96.12926480531712,52.73511049723757,8.123717624812588,33.626769205985255,31.298263516521047,19.931942958317823,0.6660432312521992,0.3673634907704644,77.22347483182556,20.261599903182866,3.7617572310298923,6.788236717899068,26.621360280769697,9.248093912622535,14.141764492315138,6.6172697567469445,9.804296260438097,50.10938477580814,70.13276049860825,9.227483964661745,12.222207430715235,16.51023841219896,34.532796805034494,65.0360401791117,21.42232845213603,19.765956674331356,82.47466439707533,31.991831054096576,40.96715328467153,NA,3.832966235023599,66.96144149952244,10.993929411764706
